step,type,amount,oldbalanceOrg,newbalanceOrig,oldbalanceDest,newbalanceDest,isFraud
1,PAYMENT,132032,365838,233806,119879,251911,0
2,TRANSFER,54986,137337,82351,4426,4426,1
3,PAYMENT,912856,175203,0,191335,1104191,0
4,TRANSFER,329465,64820,0,194027,523492,0
5,CASH_OUT,199141,791743,592602,184779,383920,0
6,TRANSFER,989536,258795,0,8666,8666,1
7,TRANSFER,384781,149503,0,189,189,1
8,PAYMENT,953377,905778,0,67435,1020812,0
9,TRANSFER,555939,902648,346709,3890,3890,1
10,TRANSFER,256940,473254,216314,8792,8792,1
11,DEBIT,205141,698361,493220,154969,360110,0
12,PAYMENT,648631,251995,0,120174,768805,0
13,TRANSFER,572943,256508,0,106530,679473,0
14,CASH_OUT,460437,724839,264402,197629,658066,0
15,TRANSFER,341197,315139,0,12990,12990,1
16,CASH_OUT,202383,196769,0,99299,301682,0
17,TRANSFER,535922,487879,0,91387,627309,0
18,PAYMENT,579979,220884,0,23247,603226,0
19,TRANSFER,607186,533556,0,194776,801962,0
20,PAYMENT,926175,516588,0,38044,964219,0
21,CASH_OUT,376996,48984,0,120151,497147,0
22,PAYMENT,133867,648663,514796,179262,313129,0
23,CASH_OUT,301748,688519,386771,129312,431060,0
24,TRANSFER,134733,288998,154265,183323,318056,0
25,CASH_OUT,30635,996107,965472,2454,2454,1
26,TRANSFER,648072,489570,0,10965,659037,0
27,CASH_OUT,201764,491234,289470,13773,13773,1
28,CASH_OUT,214120,623094,408974,90982,305102,0
29,PAYMENT,917810,218126,0,122409,1040219,0
30,PAYMENT,253718,769598,515880,50015,303733,0
31,TRANSFER,631447,185340,0,149213,780660,0
32,PAYMENT,727370,973548,246178,198286,925656,0
33,CASH_OUT,164999,973324,808325,9914,9914,1
34,TRANSFER,415615,43585,0,173629,589244,0
35,TRANSFER,527081,881691,354610,16157,16157,1
36,CASH_OUT,542435,288249,0,11494,11494,1
37,CASH_OUT,685540,652664,0,137848,823388,0
38,CASH_OUT,579404,402690,0,5530,5530,1
39,PAYMENT,790280,228576,0,13545,803825,0
40,PAYMENT,165938,335674,169736,93557,259495,0
41,PAYMENT,593228,118451,0,185456,778684,0
42,PAYMENT,39453,193075,153622,52733,92186,0
43,TRANSFER,482790,416880,0,17082,17082,1
44,TRANSFER,637247,898613,261366,5855,5855,1
45,CASH_OUT,257526,177789,0,18091,18091,1
46,PAYMENT,681769,480671,0,194806,876575,0
47,TRANSFER,622894,109751,0,4389,4389,1
48,PAYMENT,969687,106081,0,196805,1166492,0
49,PAYMENT,110178,867055,756877,22671,132849,0
50,CASH_OUT,959711,610490,0,15708,15708,1
51,CASH_OUT,133983,318394,184411,1986,1986,1
52,CASH_OUT,142583,658271,515688,8680,8680,1
53,TRANSFER,71395,743974,672579,37504,108899,0
54,TRANSFER,466972,825816,358844,16646,16646,1
55,TRANSFER,358845,107512,0,111472,470317,0
56,PAYMENT,365971,375037,9066,20932,386903,0
57,CASH_OUT,192606,990198,797592,19554,19554,1
58,TRANSFER,969011,590978,0,120885,1089896,0
59,CASH_OUT,798715,422515,0,5539,5539,1
60,CASH_OUT,978871,516349,0,2557,2557,1
61,CASH_OUT,133372,767836,634464,11969,11969,1
62,TRANSFER,454451,312252,0,5699,5699,1
63,PAYMENT,877944,480047,0,135059,1013003,0
64,PAYMENT,128491,439430,310939,86416,214907,0
65,PAYMENT,256787,725451,468664,107450,364237,0
66,PAYMENT,282074,934933,652859,137965,420039,0
67,TRANSFER,571721,134508,0,136967,708688,0
68,TRANSFER,573765,965908,392143,170862,744627,0
69,PAYMENT,750120,879611,129491,171836,921956,0
70,PAYMENT,974439,627234,0,109616,1084055,0
71,PAYMENT,711951,124123,0,149661,861612,0
72,DEBIT,298456,829957,531501,178274,476730,0
73,TRANSFER,820360,411927,0,301,301,1
74,DEBIT,459551,971744,512193,124019,583570,0
75,PAYMENT,377912,268246,0,181408,559320,0
76,PAYMENT,254179,550929,296750,165656,419835,0
77,PAYMENT,940697,983609,42912,103746,1044443,0
78,TRANSFER,36731,766577,729846,11093,47824,0
79,PAYMENT,57058,82074,25016,10729,67787,0
80,CASH_OUT,197492,158823,0,130858,328350,0
81,TRANSFER,367754,579036,211282,16921,16921,1
82,CASH_OUT,553980,797079,243099,110627,664607,0
83,CASH_OUT,264612,601863,337251,70031,334643,0
84,PAYMENT,612310,448982,0,124046,736356,0
85,PAYMENT,996261,666326,0,124862,1121123,0
86,PAYMENT,93948,52921,0,180798,274746,0
87,DEBIT,284921,55609,0,187733,472654,0
88,PAYMENT,70413,389957,319544,184078,254491,0
89,PAYMENT,461343,113632,0,150580,611923,0
90,PAYMENT,704207,376836,0,87235,791442,0
91,CASH_OUT,189507,449395,259888,170806,360313,0
92,PAYMENT,760563,94476,0,17019,777582,0
93,TRANSFER,222966,86672,0,28251,251217,0
94,TRANSFER,550333,877284,326951,5949,5949,1
95,CASH_OUT,744940,100235,0,66617,811557,0
96,CASH_OUT,917330,177247,0,20056,937386,0
97,TRANSFER,638936,373632,0,184294,823230,0
98,TRANSFER,541352,637717,96365,67215,608567,0
99,PAYMENT,203961,355612,151651,192461,396422,0
100,PAYMENT,699538,865264,165726,51293,750831,0
101,CASH_OUT,191575,160196,0,166319,357894,0
102,CASH_OUT,485063,455968,0,26646,511709,0
103,PAYMENT,735065,360260,0,97379,832444,0
104,PAYMENT,433474,720777,287303,23289,456763,0
105,CASH_OUT,272067,191232,0,16364,288431,0
106,PAYMENT,52091,188751,136660,104182,156273,0
107,CASH_OUT,49215,353151,303936,197459,246674,0
108,TRANSFER,989973,536226,0,4000,993973,0
109,CASH_OUT,355854,251492,0,38304,394158,0
110,TRANSFER,607374,151836,0,5726,5726,1
111,PAYMENT,621920,879090,257170,123633,745553,0
112,TRANSFER,617396,880729,263333,16281,16281,1
113,TRANSFER,207969,65953,0,3267,3267,1
114,TRANSFER,825045,157164,0,7543,832588,0
115,TRANSFER,60792,220156,159364,11657,11657,1
116,PAYMENT,691195,833727,142532,114352,805547,0
117,TRANSFER,18055,824273,806218,2143,2143,1
118,PAYMENT,400673,425695,25022,61476,462149,0
119,PAYMENT,675610,595468,0,174358,849968,0
120,CASH_OUT,414668,186141,0,14397,429065,0
121,PAYMENT,918332,968021,49689,119180,1037512,0
122,CASH_OUT,178452,79459,0,7400,7400,1
123,CASH_OUT,725356,952774,227418,51934,777290,0
124,DEBIT,840630,454137,0,5486,846116,0
125,PAYMENT,650408,627083,0,142202,792610,0
126,PAYMENT,642712,322710,0,197775,840487,0
127,CASH_OUT,608464,89780,0,11174,619638,0
128,DEBIT,889565,533636,0,154786,1044351,0
129,CASH_OUT,364878,89930,0,6731,6731,1
130,TRANSFER,214045,231915,17870,175333,389378,0
131,PAYMENT,177904,705703,527799,39081,216985,0
132,PAYMENT,220030,805497,585467,88092,308122,0
133,PAYMENT,289206,28295,0,13807,303013,0
134,CASH_OUT,238167,485008,246841,168152,406319,0
135,TRANSFER,518023,166981,0,165650,683673,0
136,CASH_OUT,234777,26790,0,186201,420978,0
137,PAYMENT,539873,830914,291041,86188,626061,0
138,PAYMENT,664895,790141,125246,123961,788856,0
139,TRANSFER,451115,406332,0,42918,494033,0
140,TRANSFER,501808,866651,364843,28016,529824,0
141,PAYMENT,214020,889765,675745,114821,328841,0
142,CASH_OUT,504592,653983,149391,128148,632740,0
143,PAYMENT,355640,192714,0,21732,377372,0
144,PAYMENT,423670,275987,0,114065,537735,0
145,PAYMENT,52628,824845,772217,52638,105266,0
146,DEBIT,634521,368501,0,199938,834459,0
147,CASH_OUT,155676,924618,768942,10975,10975,1
148,PAYMENT,388143,286103,0,66203,454346,0
149,PAYMENT,9437,570715,561278,61529,70966,0
150,PAYMENT,630175,687281,57106,33307,663482,0
151,PAYMENT,127116,791267,664151,20159,147275,0
152,PAYMENT,384034,892048,508014,169160,553194,0
153,PAYMENT,319287,690907,371620,97007,416294,0
154,PAYMENT,165521,122402,0,118012,283533,0
155,CASH_OUT,580566,573695,0,129473,710039,0
156,PAYMENT,844673,417009,0,56570,901243,0
157,PAYMENT,525403,61813,0,27712,553115,0
158,PAYMENT,767314,112816,0,128778,896092,0
159,TRANSFER,135330,718040,582710,72474,207804,0
160,TRANSFER,151556,804449,652893,8702,8702,1
161,PAYMENT,958547,703286,0,160261,1118808,0
162,TRANSFER,715560,884574,169014,80642,796202,0
163,TRANSFER,810056,200244,0,163273,973329,0
164,PAYMENT,507064,449613,0,121288,628352,0
165,PAYMENT,831638,316076,0,148172,979810,0
166,PAYMENT,201252,299888,98636,176615,377867,0
167,TRANSFER,36287,505950,469663,14489,14489,1
168,PAYMENT,586265,436341,0,49922,636187,0
169,TRANSFER,561519,960448,398929,106884,668403,0
170,PAYMENT,299870,698168,398298,184943,484813,0
171,PAYMENT,539642,44238,0,1252,540894,0
172,TRANSFER,955045,485450,0,15781,15781,1
173,TRANSFER,7049,763185,756136,138013,145062,0
174,TRANSFER,780822,455102,0,94456,875278,0
175,TRANSFER,883771,304462,0,70390,954161,0
176,TRANSFER,567476,247940,0,55479,622955,0
177,CASH_OUT,510836,806395,295559,4164,4164,1
178,DEBIT,800920,5569,0,69836,870756,0
179,PAYMENT,258190,667375,409185,45002,303192,0
180,PAYMENT,934748,679574,0,137162,1071910,0
181,PAYMENT,24171,582531,558360,125827,149998,0
182,PAYMENT,257318,214879,0,101570,358888,0
183,TRANSFER,901891,862129,0,142386,1044277,0
184,PAYMENT,480821,111195,0,103081,583902,0
185,PAYMENT,341496,564037,222541,130560,472056,0
186,TRANSFER,148079,149849,1770,108464,256543,0
187,TRANSFER,898960,212890,0,10488,10488,1
188,PAYMENT,174393,927982,753589,186717,361110,0
189,PAYMENT,381075,183868,0,135504,516579,0
190,PAYMENT,210276,190471,0,127600,337876,0
191,TRANSFER,743191,518862,0,131127,874318,0
192,PAYMENT,389693,815131,425438,73686,463379,0
193,TRANSFER,245221,672108,426887,15034,15034,1
194,PAYMENT,922730,660482,0,18030,940760,0
195,CASH_OUT,448974,562926,113952,19729,19729,1
196,PAYMENT,629574,821106,191532,166926,796500,0
197,PAYMENT,431834,373220,0,141339,573173,0
198,PAYMENT,247836,574736,326900,95462,343298,0
199,PAYMENT,770273,572203,0,4632,774905,0
200,CASH_OUT,372023,399384,27361,82152,454175,0
201,PAYMENT,26834,923875,897041,26069,52903,0
202,TRANSFER,335723,470951,135228,72274,407997,0
203,PAYMENT,191176,194053,2877,185625,376801,0
204,TRANSFER,912926,599991,0,112581,1025507,0
205,TRANSFER,714116,902580,188464,18117,18117,1
206,PAYMENT,72403,158211,85808,187210,259613,0
207,PAYMENT,862657,144990,0,158518,1021175,0
208,CASH_OUT,523238,418034,0,4324,4324,1
209,DEBIT,955714,540677,0,122177,1077891,0
210,TRANSFER,684206,122883,0,117,117,1
211,PAYMENT,799766,260669,0,53441,853207,0
212,TRANSFER,341483,244761,0,6469,6469,1
213,DEBIT,64423,616210,551787,189139,253562,0
214,TRANSFER,954580,235659,0,6233,6233,1
215,CASH_OUT,566921,788260,221339,32254,599175,0
216,PAYMENT,510030,571650,61620,20128,530158,0
217,PAYMENT,714843,589833,0,82180,797023,0
218,PAYMENT,919823,301953,0,116748,1036571,0
219,TRANSFER,951991,8512,0,10568,10568,1
220,CASH_OUT,772142,93070,0,157686,929828,0
221,CASH_OUT,42178,368432,326254,12219,54397,0
222,DEBIT,127409,329588,202179,139639,267048,0
223,DEBIT,720901,346699,0,73698,794599,0
224,PAYMENT,660875,691519,30644,43925,704800,0
225,PAYMENT,87488,532295,444807,172904,260392,0
226,CASH_OUT,948127,351005,0,15524,963651,0
227,CASH_OUT,679390,917581,238191,20611,700001,0
228,PAYMENT,738445,477272,0,43303,781748,0
229,PAYMENT,684747,39711,0,143026,827773,0
230,TRANSFER,989124,218134,0,140256,1129380,0
231,PAYMENT,689476,535534,0,176630,866106,0
232,TRANSFER,914328,953959,39631,11302,11302,1
233,PAYMENT,579305,223810,0,96646,675951,0
234,TRANSFER,490125,480703,0,5788,5788,1
235,PAYMENT,25153,402662,377509,131994,157147,0
236,CASH_OUT,273033,884152,611119,17334,17334,1
237,PAYMENT,854311,281173,0,59201,913512,0
238,CASH_OUT,243422,174944,0,6371,6371,1
239,PAYMENT,850967,302775,0,129038,980005,0
240,CASH_OUT,64872,126108,61236,2891,2891,1
241,CASH_OUT,147650,232050,84400,124714,272364,0
242,TRANSFER,595703,864266,268563,76325,672028,0
243,PAYMENT,55418,394030,338612,115033,170451,0
244,CASH_OUT,133615,993497,859882,125885,259500,0
245,PAYMENT,670788,188014,0,91751,762539,0
246,CASH_OUT,695375,823651,128276,195716,891091,0
247,CASH_OUT,890795,126,0,8795,8795,1
248,PAYMENT,317420,250869,0,175399,492819,0
249,CASH_OUT,179054,669078,490024,3476,3476,1
250,PAYMENT,178695,648373,469678,117718,296413,0
251,CASH_OUT,100258,708533,608275,119719,219977,0
252,TRANSFER,667154,318408,0,57545,724699,0
253,CASH_OUT,884477,13224,0,16920,16920,1
254,CASH_OUT,466825,663937,197112,8666,475491,0
255,TRANSFER,298612,662143,363531,4971,4971,1
256,CASH_OUT,771353,504471,0,176837,948190,0
257,PAYMENT,832772,383152,0,168220,1000992,0
258,TRANSFER,791289,543385,0,5588,5588,1
259,TRANSFER,857012,570451,0,52853,909865,0
260,CASH_OUT,677026,206524,0,9984,9984,1
261,PAYMENT,435265,878806,443541,133554,568819,0
262,PAYMENT,451382,93501,0,2079,453461,0
263,PAYMENT,945556,741804,0,173532,1119088,0
264,PAYMENT,617995,220178,0,149521,767516,0
265,PAYMENT,824790,703662,0,159937,984727,0
266,TRANSFER,562388,551025,0,156594,718982,0
267,PAYMENT,186340,576775,390435,129948,316288,0
268,PAYMENT,311014,78623,0,103177,414191,0
269,PAYMENT,862161,907425,45264,183675,1045836,0
270,CASH_OUT,737434,630235,0,109575,847009,0
271,PAYMENT,207706,972610,764904,30678,238384,0
272,TRANSFER,770144,336199,0,19694,19694,1
273,TRANSFER,40086,679520,639434,64929,105015,0
274,CASH_OUT,873659,425037,0,113453,987112,0
275,CASH_OUT,905767,316915,0,121300,1027067,0
276,PAYMENT,66458,410543,344085,47057,113515,0
277,PAYMENT,254826,278176,23350,2198,257024,0
278,CASH_OUT,937683,167292,0,181532,1119215,0
279,PAYMENT,402021,960384,558363,23236,425257,0
280,PAYMENT,627533,670718,43185,94914,722447,0
281,TRANSFER,378487,538884,160397,1279,1279,1
282,TRANSFER,392517,980020,587503,11093,11093,1
283,CASH_OUT,963252,256713,0,67642,1030894,0
284,CASH_OUT,217315,955103,737788,35954,253269,0
285,TRANSFER,995948,559655,0,99608,1095556,0
286,PAYMENT,841561,148757,0,130282,971843,0
287,PAYMENT,842493,238009,0,126678,969171,0
288,TRANSFER,318377,518271,199894,5475,5475,1
289,PAYMENT,157829,957456,799627,153252,311081,0
290,TRANSFER,652765,995915,343150,8041,8041,1
291,PAYMENT,51326,499512,448186,81182,132508,0
292,CASH_OUT,4363,751883,747520,47924,52287,0
293,PAYMENT,452368,929168,476800,35737,488105,0
294,PAYMENT,684833,510585,0,167469,852302,0
295,PAYMENT,101471,562997,461526,192192,293663,0
296,PAYMENT,535943,996121,460178,53276,589219,0
297,PAYMENT,513419,780298,266879,89599,603018,0
298,CASH_OUT,418078,11046,0,116021,534099,0
299,PAYMENT,416466,985751,569285,4853,421319,0
300,PAYMENT,482715,415008,0,59129,541844,0
301,PAYMENT,244983,638418,393435,198370,443353,0
302,CASH_OUT,929716,121789,0,38890,968606,0
303,PAYMENT,688381,499137,0,132596,820977,0
304,PAYMENT,952715,693264,0,54912,1007627,0
305,PAYMENT,730126,607847,0,55337,785463,0
306,PAYMENT,24454,45186,20732,28145,52599,0
307,CASH_OUT,499983,730546,230563,18706,18706,1
308,PAYMENT,245790,331770,85980,6960,252750,0
309,PAYMENT,180653,560696,380043,94006,274659,0
310,TRANSFER,151663,656701,505038,131410,283073,0
311,TRANSFER,707320,11344,0,67957,775277,0
312,TRANSFER,464171,671256,207085,77454,541625,0
313,TRANSFER,352844,909164,556320,159007,511851,0
314,TRANSFER,856874,369040,0,19541,19541,1
315,CASH_OUT,44913,692558,647645,142194,187107,0
316,CASH_OUT,476757,566074,89317,137809,614566,0
317,TRANSFER,838103,287654,0,148922,987025,0
318,CASH_OUT,611700,89613,0,121826,733526,0
319,TRANSFER,450448,210017,0,134055,584503,0
320,PAYMENT,810042,733547,0,172070,982112,0
321,PAYMENT,793172,306691,0,54620,847792,0
322,TRANSFER,269808,682705,412897,79273,349081,0
323,CASH_OUT,110117,991542,881425,197153,307270,0
324,PAYMENT,815962,730892,0,27788,843750,0
325,PAYMENT,931523,855778,0,96122,1027645,0
326,DEBIT,540759,831516,290757,160701,701460,0
327,PAYMENT,598360,193259,0,12984,611344,0
328,TRANSFER,870223,845038,0,105373,975596,0
329,PAYMENT,921034,250195,0,143748,1064782,0
330,TRANSFER,741140,526338,0,24951,766091,0
331,PAYMENT,711079,950417,239338,112573,823652,0
332,TRANSFER,713235,221888,0,166472,879707,0
333,PAYMENT,122844,875863,753019,43001,165845,0
334,CASH_OUT,831560,238506,0,131878,963438,0
335,CASH_OUT,652689,912727,260038,34636,687325,0
336,DEBIT,810794,866867,56073,193283,1004077,0
337,PAYMENT,450295,769884,319589,169269,619564,0
338,TRANSFER,951761,863561,0,17208,17208,1
339,PAYMENT,682836,186626,0,145271,828107,0
340,PAYMENT,968552,598069,0,66262,1034814,0
341,CASH_OUT,76998,455699,378701,26172,103170,0
342,PAYMENT,477702,780977,303275,156497,634199,0
343,TRANSFER,375099,942082,566983,61413,436512,0
344,TRANSFER,295904,468974,173070,4675,4675,1
345,TRANSFER,765637,673034,0,154946,920583,0
346,PAYMENT,491136,327304,0,17602,508738,0
347,DEBIT,288175,94377,0,29192,317367,0
348,PAYMENT,829052,326916,0,189834,1018886,0
349,PAYMENT,25659,892027,866368,33742,59401,0
350,PAYMENT,677214,135044,0,70831,748045,0
351,PAYMENT,893064,912699,19635,140975,1034039,0
352,TRANSFER,872488,86988,0,125991,998479,0
353,CASH_OUT,901537,526684,0,128322,1029859,0
354,PAYMENT,161733,333863,172130,99616,261349,0
355,CASH_OUT,269558,19623,0,18088,18088,1
356,PAYMENT,707216,884056,176840,157364,864580,0
357,TRANSFER,872738,69274,0,153606,1026344,0
358,CASH_OUT,574096,74553,0,185374,759470,0
359,CASH_OUT,892397,527007,0,3741,3741,1
360,CASH_OUT,616629,412003,0,189004,805633,0
361,TRANSFER,164234,75713,0,9882,9882,1
362,DEBIT,952436,520551,0,163038,1115474,0
363,PAYMENT,168483,818007,649524,63852,232335,0
364,CASH_OUT,202153,600530,398377,29257,231410,0
365,PAYMENT,144453,323390,178937,1435,145888,0
366,TRANSFER,615745,157732,0,13507,13507,1
367,PAYMENT,438855,902385,463530,138563,577418,0
368,PAYMENT,705652,997899,292247,123797,829449,0
369,TRANSFER,795609,772800,0,11383,11383,1
370,PAYMENT,854421,679181,0,168639,1023060,0
371,TRANSFER,676655,601763,0,152499,829154,0
372,CASH_OUT,742506,843804,101298,7813,7813,1
373,PAYMENT,782339,617394,0,27082,809421,0
374,TRANSFER,437885,11745,0,3356,3356,1
375,CASH_OUT,613574,924044,310470,199950,813524,0
376,CASH_OUT,338176,148554,0,13998,13998,1
377,TRANSFER,920697,994762,74065,19280,19280,1
378,DEBIT,224795,884315,659520,33756,258551,0
379,CASH_OUT,213043,783204,570161,48901,261944,0
380,CASH_OUT,687656,390530,0,12857,12857,1
381,CASH_OUT,937586,994465,56879,19440,19440,1
382,TRANSFER,507503,26385,0,18639,526142,0
383,TRANSFER,283807,956845,673038,3676,3676,1
384,CASH_OUT,729778,345114,0,161779,891557,0
385,PAYMENT,717248,607167,0,169899,887147,0
386,PAYMENT,831391,971129,139738,52098,883489,0
387,PAYMENT,787058,330904,0,47837,834895,0
388,PAYMENT,798068,552829,0,79083,877151,0
389,PAYMENT,270956,366245,95289,65455,336411,0
390,PAYMENT,654137,791541,137404,49268,703405,0
391,TRANSFER,606891,254346,0,191184,798075,0
392,PAYMENT,778613,157661,0,161087,939700,0
393,PAYMENT,388690,717406,328716,106661,495351,0
394,PAYMENT,677264,959192,281928,64288,741552,0
395,DEBIT,445964,292231,0,181002,626966,0
396,PAYMENT,832699,730664,0,174480,1007179,0
397,PAYMENT,445585,693919,248334,96347,541932,0
398,TRANSFER,336685,730023,393338,16385,16385,1
399,TRANSFER,898892,176076,0,14451,14451,1
400,PAYMENT,314570,633025,318455,154470,469040,0
401,PAYMENT,338141,212977,0,127118,465259,0
402,PAYMENT,9178,942507,933329,62768,71946,0
403,DEBIT,844192,759746,0,180858,1025050,0
404,PAYMENT,760681,642120,0,130406,891087,0
405,TRANSFER,33420,327025,293605,102215,135635,0
406,TRANSFER,920993,943187,22194,2430,2430,1
407,PAYMENT,177335,98511,0,197507,374842,0
408,TRANSFER,606329,729497,123168,187518,793847,0
409,TRANSFER,619469,561165,0,15349,15349,1
410,TRANSFER,634479,519052,0,83186,717665,0
411,PAYMENT,151194,910061,758867,183651,334845,0
412,TRANSFER,28480,634486,606006,92447,120927,0
413,PAYMENT,806581,468933,0,105361,911942,0
414,TRANSFER,168584,789352,620768,191387,359971,0
415,PAYMENT,225414,438716,213302,16309,241723,0
416,PAYMENT,491972,516998,25026,161099,653071,0
417,PAYMENT,374584,508062,133478,59321,433905,0
418,TRANSFER,860663,441124,0,3453,3453,1
419,DEBIT,301307,376369,75062,116400,417707,0
420,TRANSFER,720588,596387,0,12003,12003,1
421,CASH_OUT,288261,994211,705950,143273,431534,0
422,DEBIT,700701,42229,0,86652,787353,0
423,PAYMENT,703824,912935,209111,84878,788702,0
424,PAYMENT,521085,19975,0,157795,678880,0
425,CASH_OUT,929165,197133,0,33142,962307,0
426,PAYMENT,176137,388076,211939,135720,311857,0
427,PAYMENT,620447,622605,2158,35046,655493,0
428,PAYMENT,762085,200422,0,45893,807978,0
429,TRANSFER,585660,747512,161852,64674,650334,0
430,TRANSFER,144932,152999,8067,143660,288592,0
431,PAYMENT,235906,904586,668680,183305,419211,0
432,PAYMENT,344433,338511,0,120585,465018,0
433,TRANSFER,19916,959744,939828,79530,99446,0
434,CASH_OUT,371100,213567,0,107803,478903,0
435,PAYMENT,317448,182958,0,15563,333011,0
436,PAYMENT,757332,271991,0,26155,783487,0
437,PAYMENT,869842,460494,0,149381,1019223,0
438,PAYMENT,443424,34707,0,151409,594833,0
439,DEBIT,721964,702974,0,91155,813119,0
440,PAYMENT,474212,170102,0,132130,606342,0
441,PAYMENT,159576,758842,599266,160928,320504,0
442,TRANSFER,296241,943115,646874,19124,19124,1
443,PAYMENT,759134,245546,0,196733,955867,0
444,DEBIT,875925,847644,0,146470,1022395,0
445,PAYMENT,924242,6570,0,68785,993027,0
446,PAYMENT,79241,12115,0,39062,118303,0
447,PAYMENT,294800,995635,700835,128335,423135,0
448,CASH_OUT,397786,121863,0,123008,520794,0
449,TRANSFER,678656,630111,0,12373,12373,1
450,PAYMENT,48420,964918,916498,146649,195069,0
451,PAYMENT,781825,448625,0,28625,810450,0
452,TRANSFER,36587,459054,422467,50138,86725,0
453,CASH_OUT,316305,948163,631858,162962,479267,0
454,CASH_OUT,767729,281652,0,158056,925785,0
455,PAYMENT,560447,462785,0,103409,663856,0
456,TRANSFER,530092,978080,447988,111279,641371,0
457,CASH_OUT,642904,522828,0,7114,7114,1
458,CASH_OUT,376288,232549,0,4114,4114,1
459,CASH_OUT,335541,883084,547543,156498,492039,0
460,CASH_OUT,790244,394583,0,16838,16838,1
461,PAYMENT,528114,351296,0,27723,555837,0
462,TRANSFER,887026,664468,0,162396,1049422,0
463,PAYMENT,140099,880112,740013,96546,236645,0
464,PAYMENT,849981,634122,0,191305,1041286,0
465,CASH_OUT,864108,631810,0,6471,870579,0
466,TRANSFER,764457,747419,0,1177,1177,1
467,PAYMENT,283880,606177,322297,53551,337431,0
468,TRANSFER,667023,571107,0,158038,825061,0
469,CASH_OUT,453205,682347,229142,189420,642625,0
470,CASH_OUT,850638,987471,136833,87163,937801,0
471,DEBIT,653191,139978,0,36914,690105,0
472,PAYMENT,471928,770188,298260,168722,640650,0
473,PAYMENT,137184,705475,568291,7151,144335,0
474,TRANSFER,748113,691738,0,144539,892652,0
475,TRANSFER,122099,114793,0,108177,230276,0
476,PAYMENT,699056,940675,241619,86365,785421,0
477,PAYMENT,900546,175211,0,179785,1080331,0
478,CASH_OUT,63746,265798,202052,15600,15600,1
479,TRANSFER,924045,119735,0,107971,1032016,0
480,PAYMENT,321433,763264,441831,152747,474180,0
481,PAYMENT,406989,994170,587181,88204,495193,0
482,TRANSFER,416985,165140,0,183321,600306,0
483,PAYMENT,606317,914391,308074,76153,682470,0
484,PAYMENT,555789,518727,0,119503,675292,0
485,TRANSFER,127934,34084,0,6807,6807,1
486,CASH_OUT,662687,162982,0,65681,728368,0
487,CASH_OUT,196653,461792,265139,127556,324209,0
488,PAYMENT,246342,511083,264741,17633,263975,0
489,PAYMENT,867064,49104,0,172693,1039757,0
490,PAYMENT,540402,92578,0,164827,705229,0
491,PAYMENT,91758,57993,0,158285,250043,0
492,TRANSFER,451100,793853,342753,17727,17727,1
493,PAYMENT,327352,257681,0,94018,421370,0
494,PAYMENT,294154,651176,357022,55754,349908,0
495,DEBIT,946975,444717,0,192018,1138993,0
496,TRANSFER,296137,76329,0,170604,466741,0
497,PAYMENT,897867,112356,0,110944,1008811,0
498,TRANSFER,278700,555655,276955,68008,346708,0
499,TRANSFER,116592,72240,0,10756,127348,0
500,PAYMENT,135427,931988,796561,125703,261130,0
501,CASH_OUT,860326,499499,0,7426,7426,1
502,PAYMENT,398565,251051,0,150273,548838,0
503,PAYMENT,511878,780641,268763,9686,521564,0
504,PAYMENT,359787,656021,296234,175915,535702,0
505,PAYMENT,42928,835036,792108,10526,53454,0
506,CASH_OUT,291226,786639,495413,88733,379959,0
507,PAYMENT,257011,68619,0,160400,417411,0
508,PAYMENT,151275,170963,19688,141826,293101,0
509,CASH_OUT,98640,859414,760774,48231,146871,0
510,PAYMENT,514103,193783,0,172395,686498,0
511,PAYMENT,737665,884884,147219,144467,882132,0
512,TRANSFER,56373,258503,202130,119968,176341,0
513,TRANSFER,10799,196133,185334,16163,16163,1
514,PAYMENT,743637,522988,0,124481,868118,0
515,PAYMENT,559973,817114,257141,178936,738909,0
516,TRANSFER,448430,389954,0,18073,466503,0
517,TRANSFER,233882,614661,380779,65450,299332,0
518,TRANSFER,726431,457828,0,98864,825295,0
519,PAYMENT,287413,87468,0,34594,322007,0
520,TRANSFER,45133,587421,542288,183362,228495,0
521,CASH_OUT,564849,467016,0,6721,6721,1
522,PAYMENT,969734,654801,0,104211,1073945,0
523,TRANSFER,487789,923160,435371,194812,682601,0
524,CASH_OUT,643335,729182,85847,31055,674390,0
525,CASH_OUT,145888,638387,492499,182184,328072,0
526,CASH_OUT,202480,441460,238980,2964,2964,1
527,PAYMENT,672380,556110,0,177731,850111,0
528,PAYMENT,482415,7967,0,110719,593134,0
529,PAYMENT,208624,729630,521006,164685,373309,0
530,CASH_OUT,707648,841531,133883,117407,825055,0
531,PAYMENT,872801,60545,0,39922,912723,0
532,TRANSFER,567301,359177,0,3850,3850,1
533,CASH_OUT,485378,906295,420917,5078,5078,1
534,PAYMENT,685254,716948,31694,181403,866657,0
535,PAYMENT,926678,137478,0,97359,1024037,0
536,TRANSFER,565956,621827,55871,54823,620779,0
537,CASH_OUT,984522,427387,0,9011,9011,1
538,TRANSFER,496137,249062,0,173540,669677,0
539,CASH_OUT,333473,99071,0,1549,1549,1
540,PAYMENT,497760,76373,0,69252,567012,0
541,PAYMENT,594405,63037,0,89818,684223,0
542,PAYMENT,234313,204366,0,154249,388562,0
543,TRANSFER,661002,222084,0,14828,14828,1
544,DEBIT,100789,702436,601647,184492,285281,0
545,PAYMENT,303668,502754,199086,184816,488484,0
546,TRANSFER,135970,284564,148594,29300,165270,0
547,PAYMENT,628519,680481,51962,128563,757082,0
548,PAYMENT,426677,807655,380978,72930,499607,0
549,PAYMENT,812567,817052,4485,150949,963516,0
550,PAYMENT,719501,379504,0,53352,772853,0
551,PAYMENT,3291,950664,947373,90536,93827,0
552,TRANSFER,443039,3631,0,18663,18663,1
553,PAYMENT,389978,748321,358343,159674,549652,0
554,PAYMENT,678932,704590,25658,7099,686031,0
555,PAYMENT,580880,96722,0,178756,759636,0
556,TRANSFER,64036,677974,613938,60920,124956,0
557,TRANSFER,429540,269932,0,89570,519110,0
558,PAYMENT,870120,147603,0,88340,958460,0
559,PAYMENT,141314,639341,498027,48355,189669,0
560,PAYMENT,759094,649714,0,64027,823121,0
561,PAYMENT,92701,29956,0,104797,197498,0
562,CASH_OUT,469611,660799,191188,159342,628953,0
563,PAYMENT,372031,941392,569361,148702,520733,0
564,CASH_OUT,254411,652184,397773,182051,436462,0
565,TRANSFER,943793,697960,0,123257,1067050,0
566,PAYMENT,269154,975217,706063,46857,316011,0
567,CASH_OUT,418543,923482,504939,59765,478308,0
568,PAYMENT,563459,112990,0,69519,632978,0
569,CASH_OUT,981983,619745,0,13070,13070,1
570,PAYMENT,613877,26806,0,176072,789949,0
571,PAYMENT,825246,185165,0,55419,880665,0
572,PAYMENT,470741,879381,408640,133533,604274,0
573,CASH_OUT,863503,879903,16400,84080,947583,0
574,TRANSFER,77894,292985,215091,179830,257724,0
575,CASH_OUT,562031,967912,405881,100500,662531,0
576,CASH_OUT,387832,540285,152453,154983,542815,0
577,TRANSFER,750330,669931,0,10773,10773,1
578,TRANSFER,704368,85457,0,12500,12500,1
579,TRANSFER,680318,179761,0,4082,4082,1
580,PAYMENT,423055,582092,159037,108821,531876,0
581,TRANSFER,67360,66912,0,8894,76254,0
582,PAYMENT,868474,706972,0,29725,898199,0
583,CASH_OUT,261586,795928,534342,160878,422464,0
584,PAYMENT,777501,233103,0,196167,973668,0
585,PAYMENT,615784,442882,0,38787,654571,0
586,PAYMENT,546115,763711,217596,95081,641196,0
587,TRANSFER,592444,658441,65997,80102,672546,0
588,TRANSFER,601253,687016,85763,117235,718488,0
589,TRANSFER,633165,19033,0,166923,800088,0
590,TRANSFER,377969,145016,0,89464,467433,0
591,TRANSFER,692211,886514,194303,185413,877624,0
592,CASH_OUT,869149,624771,0,107539,976688,0
593,CASH_OUT,722009,114914,0,7909,7909,1
594,PAYMENT,264267,643942,379675,190868,455135,0
595,PAYMENT,588817,104195,0,192699,781516,0
596,CASH_OUT,932983,977168,44185,68099,1001082,0
597,TRANSFER,69222,671447,602225,6643,6643,1
598,TRANSFER,928609,109079,0,145298,1073907,0
599,PAYMENT,422047,371602,0,110384,532431,0
600,TRANSFER,317750,864661,546911,62539,380289,0
601,CASH_OUT,693321,537716,0,141330,834651,0
602,PAYMENT,267713,290998,23285,137328,405041,0
603,PAYMENT,951541,361278,0,132723,1084264,0
604,PAYMENT,418367,289530,0,147256,565623,0
605,CASH_OUT,993168,602272,0,34051,1027219,0
606,PAYMENT,128146,739290,611144,161326,289472,0
607,CASH_OUT,188590,407688,219098,120312,308902,0
608,TRANSFER,663789,165937,0,13930,13930,1
609,PAYMENT,661857,228981,0,166597,828454,0
610,TRANSFER,608208,477746,0,83369,691577,0
611,CASH_OUT,857085,737266,0,7999,865084,0
612,PAYMENT,657556,523156,0,156351,813907,0
613,PAYMENT,769705,288345,0,150787,920492,0
614,PAYMENT,449930,529393,79463,117666,567596,0
615,PAYMENT,69020,830051,761031,42821,111841,0
616,PAYMENT,541457,505659,0,7531,548988,0
617,PAYMENT,663170,67155,0,145047,808217,0
618,PAYMENT,940856,474013,0,132503,1073359,0
619,PAYMENT,879105,664917,0,103302,982407,0
620,PAYMENT,19775,73997,54222,148087,167862,0
621,DEBIT,486899,519349,32450,140905,627804,0
622,CASH_OUT,311977,775723,463746,5347,5347,1
623,PAYMENT,658103,302929,0,18681,676784,0
624,TRANSFER,933496,833731,0,14289,14289,1
625,TRANSFER,965934,66707,0,9135,9135,1
626,CASH_OUT,50701,994969,944268,111487,162188,0
627,TRANSFER,413960,411961,0,28228,442188,0
628,TRANSFER,427837,122788,0,18322,446159,0
629,PAYMENT,62392,553343,490951,42891,105283,0
630,PAYMENT,352780,268448,0,7345,360125,0
631,TRANSFER,91106,932856,841750,19446,110552,0
632,TRANSFER,206587,97852,0,6171,6171,1
633,TRANSFER,177932,842150,664218,86544,264476,0
634,TRANSFER,312913,209093,0,179017,491930,0
635,PAYMENT,607845,538645,0,111672,719517,0
636,TRANSFER,590021,732303,142282,143996,734017,0
637,TRANSFER,258735,74071,0,30651,289386,0
638,PAYMENT,148166,853695,705529,190706,338872,0
639,CASH_OUT,824355,763935,0,12819,12819,1
640,TRANSFER,533671,685933,152262,5774,539445,0
641,PAYMENT,620856,882766,261910,18133,638989,0
642,PAYMENT,525169,114586,0,187772,712941,0
643,PAYMENT,542877,171033,0,29118,571995,0
644,TRANSFER,677723,275709,0,17961,17961,1
645,PAYMENT,21353,457382,436029,179635,200988,0
646,PAYMENT,707038,210097,0,103850,810888,0
647,CASH_OUT,520598,226058,0,16391,16391,1
648,PAYMENT,557631,677160,119529,75939,633570,0
649,PAYMENT,400555,268854,0,152456,553011,0
650,PAYMENT,219155,985325,766170,37991,257146,0
651,TRANSFER,400287,422355,22068,80257,480544,0
652,PAYMENT,6630,273260,266630,65794,72424,0
653,CASH_OUT,657358,528423,0,125147,782505,0
654,PAYMENT,613475,720391,106916,33380,646855,0
655,TRANSFER,279315,20074,0,7133,7133,1
656,TRANSFER,911193,792338,0,62987,974180,0
657,TRANSFER,372698,367631,0,31852,404550,0
658,DEBIT,839288,377501,0,119052,958340,0
659,PAYMENT,33791,394341,360550,198137,231928,0
660,PAYMENT,532826,806527,273701,147226,680052,0
661,TRANSFER,55526,239968,184442,226,226,1
662,PAYMENT,97856,442632,344776,140659,238515,0
663,CASH_OUT,656105,162002,0,122232,778337,0
664,PAYMENT,445458,243051,0,157547,603005,0
665,PAYMENT,737083,308449,0,177109,914192,0
666,CASH_OUT,12863,190237,177374,3348,3348,1
667,PAYMENT,91453,221373,129920,95648,187101,0
668,PAYMENT,542487,371233,0,176168,718655,0
669,TRANSFER,422325,202041,0,84246,506571,0
670,TRANSFER,343801,137488,0,149130,492931,0
671,CASH_OUT,294846,467874,173028,1089,1089,1
672,PAYMENT,665947,262299,0,123950,789897,0
673,PAYMENT,104748,38547,0,28795,133543,0
674,DEBIT,692058,959318,267260,87960,780018,0
675,PAYMENT,112882,627220,514338,140600,253482,0
676,PAYMENT,372113,925683,553570,48781,420894,0
677,CASH_OUT,417268,840230,422962,50939,468207,0
678,TRANSFER,141621,574578,432957,72954,214575,0
679,PAYMENT,583198,642650,59452,146295,729493,0
680,PAYMENT,721137,264803,0,86516,807653,0
681,TRANSFER,126598,702098,575500,12109,138707,0
682,PAYMENT,763860,139544,0,154455,918315,0
683,PAYMENT,768713,34518,0,53909,822622,0
684,CASH_OUT,970934,515693,0,152850,1123784,0
685,CASH_OUT,791607,469164,0,179272,970879,0
686,PAYMENT,210394,881272,670878,116219,326613,0
687,TRANSFER,580695,135565,0,1460,1460,1
688,TRANSFER,424971,567760,142789,6816,6816,1
689,PAYMENT,308977,914634,605657,95028,404005,0
690,PAYMENT,491550,92493,0,125149,616699,0
691,TRANSFER,163934,270403,106469,14849,178783,0
692,TRANSFER,876241,317013,0,117886,994127,0
693,TRANSFER,285811,35292,0,51631,337442,0
694,PAYMENT,185478,852746,667268,65087,250565,0
695,CASH_OUT,460344,882430,422086,58643,518987,0
696,PAYMENT,401167,802720,401553,72692,473859,0
697,PAYMENT,871968,751496,0,46403,918371,0
698,CASH_OUT,312123,59871,0,32174,344297,0
699,PAYMENT,137753,110155,0,71853,209606,0
700,CASH_OUT,501708,813081,311373,16789,16789,1
701,TRANSFER,876438,763429,0,78002,954440,0
702,PAYMENT,673322,436571,0,162331,835653,0
703,PAYMENT,555183,507820,0,8770,563953,0
704,TRANSFER,393509,362455,0,11190,404699,0
705,DEBIT,687787,304214,0,40197,727984,0
706,CASH_OUT,157684,924220,766536,135450,293134,0
707,PAYMENT,871903,684393,0,155072,1026975,0
708,PAYMENT,304848,461552,156704,95074,399922,0
709,PAYMENT,791942,869807,77865,187116,979058,0
710,PAYMENT,202516,924300,721784,86716,289232,0
711,PAYMENT,411025,775024,363999,58557,469582,0
712,CASH_OUT,750071,496507,0,16724,16724,1
713,PAYMENT,17187,930109,912922,31337,48524,0
714,PAYMENT,485857,182024,0,136535,622392,0
715,PAYMENT,529036,392720,0,33623,562659,0
716,TRANSFER,962206,376742,0,22054,984260,0
717,PAYMENT,473966,755181,281215,81554,555520,0
718,PAYMENT,977122,314925,0,183852,1160974,0
719,PAYMENT,847567,532498,0,44363,891930,0
720,CASH_OUT,191520,710644,519124,6588,6588,1
721,PAYMENT,257424,719449,462025,186470,443894,0
722,DEBIT,867880,430599,0,113816,981696,0
723,TRANSFER,472506,183965,0,726,726,1
724,PAYMENT,67511,285521,218010,177809,245320,0
725,PAYMENT,214081,265888,51807,24995,239076,0
726,PAYMENT,753398,558830,0,10651,764049,0
727,TRANSFER,750804,888544,137740,155378,906182,0
728,PAYMENT,323594,333569,9975,167708,491302,0
729,TRANSFER,444965,427826,0,74637,519602,0
730,TRANSFER,863449,64200,0,177691,1041140,0
731,PAYMENT,780841,846490,65649,62068,842909,0
732,CASH_OUT,161545,688514,526969,22785,184330,0
733,PAYMENT,684129,94475,0,2282,686411,0
734,PAYMENT,221072,853966,632894,162777,383849,0
735,CASH_OUT,692897,208944,0,7064,7064,1
736,TRANSFER,824924,7461,0,148586,973510,0
737,PAYMENT,494278,953772,459494,167860,662138,0
738,CASH_OUT,849025,560315,0,1823,1823,1
739,CASH_OUT,603391,707755,104364,68670,672061,0
740,PAYMENT,15534,719407,703873,178847,194381,0
741,PAYMENT,328921,83555,0,128379,457300,0
742,TRANSFER,176906,888097,711191,11172,11172,1
743,TRANSFER,432648,878135,445487,175251,607899,0
744,PAYMENT,642349,302523,0,17297,659646,0
745,TRANSFER,120334,568302,447968,14730,14730,1
746,PAYMENT,509833,926271,416438,22852,532685,0
747,TRANSFER,732947,511603,0,95040,827987,0
748,PAYMENT,530132,739180,209048,173489,703621,0
749,PAYMENT,828891,675159,0,98746,927637,0
750,TRANSFER,201360,745219,543859,7597,7597,1
751,PAYMENT,203299,376794,173495,157489,360788,0
752,PAYMENT,383200,115598,0,184233,567433,0
753,CASH_OUT,739552,153124,0,8036,747588,0
754,PAYMENT,154345,685763,531418,197393,351738,0
755,CASH_OUT,543188,287516,0,14973,14973,1
756,PAYMENT,59600,167647,108047,173333,232933,0
757,TRANSFER,396552,409064,12512,76449,473001,0
758,PAYMENT,349080,660858,311778,50098,399178,0
759,PAYMENT,665029,247199,0,126060,791089,0
760,PAYMENT,130644,524628,393984,175021,305665,0
761,TRANSFER,747128,467243,0,119619,866747,0
762,PAYMENT,624319,948158,323839,156951,781270,0
763,DEBIT,562160,58478,0,195425,757585,0
764,PAYMENT,719382,694780,0,55568,774950,0
765,TRANSFER,843701,493671,0,11927,11927,1
766,TRANSFER,602376,451558,0,132379,734755,0
767,CASH_OUT,821960,239779,0,170047,992007,0
768,TRANSFER,942446,812853,0,150667,1093113,0
769,PAYMENT,44889,973194,928305,26086,70975,0
770,PAYMENT,91188,394423,303235,46099,137287,0
771,PAYMENT,160861,835083,674222,13893,174754,0
772,PAYMENT,125174,889497,764323,130351,255525,0
773,PAYMENT,973719,95071,0,78518,1052237,0
774,PAYMENT,597193,976458,379265,159136,756329,0
775,TRANSFER,264698,283022,18324,144063,408761,0
776,PAYMENT,560981,560592,0,161458,722439,0
777,CASH_OUT,724798,487505,0,22190,746988,0
778,CASH_OUT,183143,828294,645151,150575,333718,0
779,DEBIT,624555,868467,243912,8016,632571,0
780,TRANSFER,408388,102239,0,7742,7742,1
781,CASH_OUT,330270,121668,0,24045,354315,0
782,PAYMENT,614490,314063,0,99441,713931,0
783,PAYMENT,953792,136917,0,167746,1121538,0
784,TRANSFER,677773,944447,266674,18383,18383,1
785,CASH_OUT,667404,839319,171915,58653,726057,0
786,DEBIT,318866,289954,0,77842,396708,0
787,PAYMENT,84861,430192,345331,126439,211300,0
788,PAYMENT,666346,930370,264024,66624,732970,0
789,PAYMENT,403080,781198,378118,120356,523436,0
790,PAYMENT,340715,532356,191641,116923,457638,0
791,TRANSFER,11490,631040,619550,75969,87459,0
792,PAYMENT,749178,339208,0,21281,770459,0
793,PAYMENT,310755,646403,335648,8605,319360,0
794,PAYMENT,984238,806242,0,155394,1139632,0
795,TRANSFER,585776,765612,179836,198700,784476,0
796,DEBIT,496862,205157,0,22031,518893,0
797,TRANSFER,595700,584054,0,187771,783471,0
798,TRANSFER,761119,760129,0,13324,13324,1
799,TRANSFER,751618,887291,135673,68487,820105,0
800,PAYMENT,987867,315261,0,189466,1177333,0
801,PAYMENT,23882,509492,485610,28454,52336,0
802,PAYMENT,408908,153245,0,164276,573184,0
803,PAYMENT,122358,635956,513598,192274,314632,0
804,TRANSFER,506681,423966,0,138262,644943,0
805,CASH_OUT,384173,736265,352092,132661,516834,0
806,PAYMENT,259,667505,667246,162993,163252,0
807,TRANSFER,107607,925748,818141,46101,153708,0
808,TRANSFER,346471,230604,0,56071,402542,0
809,PAYMENT,487130,759710,272580,143309,630439,0
810,CASH_OUT,204635,700769,496134,7016,211651,0
811,TRANSFER,876210,898488,22278,18268,18268,1
812,PAYMENT,199875,962261,762386,26917,226792,0
813,CASH_OUT,62651,975665,913014,166277,228928,0
814,PAYMENT,779228,841535,62307,172699,951927,0
815,PAYMENT,543396,202346,0,32402,575798,0
816,TRANSFER,399109,496043,96934,147281,546390,0
817,CASH_OUT,960752,91218,0,179767,1140519,0
818,DEBIT,765448,240016,0,32441,797889,0
819,PAYMENT,755712,848800,93088,92122,847834,0
820,CASH_OUT,285722,914313,628591,12180,12180,1
821,CASH_OUT,816328,975776,159448,522,522,1
822,DEBIT,635410,578328,0,75357,710767,0
823,PAYMENT,278455,367570,89115,5842,284297,0
824,TRANSFER,387981,308112,0,54575,442556,0
825,PAYMENT,418915,480808,61893,66914,485829,0
826,PAYMENT,612085,630527,18442,123106,735191,0
827,PAYMENT,467935,300486,0,2257,470192,0
828,TRANSFER,111815,26654,0,29320,141135,0
829,TRANSFER,489006,118581,0,182240,671246,0
830,CASH_OUT,501690,369836,0,18135,18135,1
831,CASH_OUT,309621,154626,0,16363,16363,1
832,PAYMENT,279167,309735,30568,62261,341428,0
833,PAYMENT,336327,585236,248909,164074,500401,0
834,PAYMENT,990620,288816,0,4213,994833,0
835,CASH_OUT,449176,62507,0,11849,11849,1
836,PAYMENT,806664,773221,0,18199,824863,0
837,CASH_OUT,663476,432995,0,24472,687948,0
838,TRANSFER,707273,755728,48455,54131,761404,0
839,PAYMENT,979214,883096,0,132473,1111687,0
840,TRANSFER,223561,438080,214519,19611,19611,1
841,PAYMENT,338484,239719,0,2745,341229,0
842,CASH_OUT,687705,437940,0,18606,18606,1
843,CASH_OUT,386821,423332,36511,17908,17908,1
844,PAYMENT,55450,593849,538399,51955,107405,0
845,TRANSFER,399471,570895,171424,186740,586211,0
846,TRANSFER,315114,449763,134649,152008,467122,0
847,TRANSFER,744299,814038,69739,11308,755607,0
848,PAYMENT,778983,176743,0,90306,869289,0
849,TRANSFER,526592,92769,0,52428,579020,0
850,TRANSFER,760378,49067,0,13913,13913,1
851,DEBIT,623322,142980,0,157495,780817,0
852,DEBIT,209429,257354,47925,61215,270644,0
853,PAYMENT,868684,632336,0,169530,1038214,0
854,TRANSFER,453930,764265,310335,113688,567618,0
855,CASH_OUT,744848,490834,0,13379,13379,1
856,PAYMENT,249343,598506,349163,196416,445759,0
857,PAYMENT,23191,781413,758222,164055,187246,0
858,TRANSFER,19090,352414,333324,36081,55171,0
859,TRANSFER,802773,124932,0,113000,915773,0
860,PAYMENT,493316,732081,238765,158117,651433,0
861,TRANSFER,833650,84703,0,128557,962207,0
862,PAYMENT,195977,831037,635060,84565,280542,0
863,CASH_OUT,982705,817865,0,11486,11486,1
864,PAYMENT,955457,824837,0,197724,1153181,0
865,PAYMENT,918096,748778,0,139883,1057979,0
866,CASH_OUT,465326,747852,282526,54110,519436,0
867,PAYMENT,763561,28328,0,112911,876472,0
868,TRANSFER,812383,817711,5328,73402,885785,0
869,DEBIT,875612,529739,0,87178,962790,0
870,PAYMENT,850293,236562,0,38870,889163,0
871,PAYMENT,123865,387025,263160,161945,285810,0
872,PAYMENT,197327,492402,295075,25372,222699,0
873,CASH_OUT,421317,296208,0,155892,577209,0
874,DEBIT,50181,988406,938225,139783,189964,0
875,PAYMENT,401515,600541,199026,36191,437706,0
876,PAYMENT,456385,974250,517865,152614,608999,0
877,CASH_OUT,888503,618071,0,186460,1074963,0
878,PAYMENT,602348,870820,268472,22601,624949,0
879,CASH_OUT,139327,724479,585152,19710,159037,0
880,TRANSFER,653115,936105,282990,18753,18753,1
881,TRANSFER,730131,792154,62023,15514,15514,1
882,PAYMENT,761382,479083,0,83596,844978,0
883,PAYMENT,68423,285960,217537,40695,109118,0
884,DEBIT,55941,390642,334701,198784,254725,0
885,PAYMENT,92864,446790,353926,85744,178608,0
886,TRANSFER,625143,492148,0,7778,7778,1
887,DEBIT,937662,675673,0,19149,956811,0
888,TRANSFER,45840,106611,60771,66641,112481,0
889,TRANSFER,706773,587520,0,14188,14188,1
890,DEBIT,753594,423177,0,143674,897268,0
891,PAYMENT,479436,767876,288440,34681,514117,0
892,DEBIT,982393,305505,0,195575,1177968,0
893,PAYMENT,84800,980547,895747,78532,163332,0
894,TRANSFER,396187,46002,0,191051,587238,0
895,CASH_OUT,109046,66668,0,42998,152044,0
896,CASH_OUT,963211,269956,0,133251,1096462,0
897,CASH_OUT,925879,968078,42199,20700,946579,0
898,PAYMENT,173523,93330,0,144941,318464,0
899,PAYMENT,487004,414170,0,162627,649631,0
900,PAYMENT,438342,362916,0,178048,616390,0
901,PAYMENT,376187,371994,0,45095,421282,0
902,PAYMENT,802055,62433,0,178140,980195,0
903,CASH_OUT,471117,347139,0,6614,6614,1
904,PAYMENT,770426,437100,0,148036,918462,0
905,PAYMENT,299288,712509,413221,168616,467904,0
906,PAYMENT,266076,221883,0,34148,300224,0
907,TRANSFER,518923,219526,0,19540,19540,1
908,PAYMENT,824934,713087,0,38578,863512,0
909,PAYMENT,862247,208859,0,111435,973682,0
910,PAYMENT,882274,45475,0,60142,942416,0
911,PAYMENT,153584,93526,0,51001,204585,0
912,PAYMENT,428833,668516,239683,154136,582969,0
913,PAYMENT,851990,934093,82103,130429,982419,0
914,PAYMENT,138386,227189,88803,126479,264865,0
915,CASH_OUT,553272,264852,0,11834,11834,1
916,PAYMENT,719885,396489,0,178207,898092,0
917,PAYMENT,490338,78077,0,139784,630122,0
918,PAYMENT,69187,798729,729542,27128,96315,0
919,PAYMENT,743959,341102,0,32920,776879,0
920,PAYMENT,142280,949349,807069,133872,276152,0
921,TRANSFER,436028,920114,484086,10728,446756,0
922,PAYMENT,384293,807015,422722,85774,470067,0
923,TRANSFER,198622,220357,21735,65942,264564,0
924,PAYMENT,557664,509565,0,101968,659632,0
925,PAYMENT,590604,739804,149200,84040,674644,0
926,PAYMENT,692585,460115,0,42291,734876,0
927,PAYMENT,953780,303664,0,25675,979455,0
928,TRANSFER,92368,297142,204774,143184,235552,0
929,PAYMENT,831346,347235,0,50719,882065,0
930,PAYMENT,335399,333713,0,41328,376727,0
931,PAYMENT,559063,495010,0,18919,577982,0
932,CASH_OUT,812932,181517,0,176886,989818,0
933,PAYMENT,159134,478108,318974,70533,229667,0
934,TRANSFER,890123,665938,0,39194,929317,0
935,PAYMENT,361547,242188,0,113903,475450,0
936,CASH_OUT,931398,320146,0,4986,936384,0
937,CASH_OUT,842940,200339,0,125355,968295,0
938,PAYMENT,327131,19477,0,148338,475469,0
939,TRANSFER,390059,961030,570971,8566,8566,1
940,TRANSFER,286579,928758,642179,46289,332868,0
941,PAYMENT,933803,334971,0,106464,1040267,0
942,TRANSFER,150753,245300,94547,16523,16523,1
943,TRANSFER,281796,516612,234816,154692,436488,0
944,PAYMENT,294046,609312,315266,118639,412685,0
945,PAYMENT,217913,776388,558475,122746,340659,0
946,PAYMENT,608914,401062,0,46220,655134,0
947,CASH_OUT,379370,867918,488548,5941,5941,1
948,TRANSFER,547319,89116,0,15166,15166,1
949,PAYMENT,619164,25991,0,185917,805081,0
950,TRANSFER,710772,403777,0,95556,806328,0
951,DEBIT,324364,395204,70840,110041,434405,0
952,TRANSFER,407572,380634,0,28230,435802,0
953,PAYMENT,45933,809057,763124,32088,78021,0
954,TRANSFER,366181,464507,98326,88229,454410,0
955,DEBIT,522254,622006,99752,60710,582964,0
956,PAYMENT,984658,30949,0,153619,1138277,0
957,PAYMENT,111641,719979,608338,61842,173483,0
958,TRANSFER,289234,671553,382319,19233,19233,1
959,TRANSFER,914665,689870,0,12360,927025,0
960,TRANSFER,619155,261445,0,4195,4195,1
961,PAYMENT,280933,553372,272439,40387,321320,0
962,CASH_OUT,828669,473048,0,15438,15438,1
963,PAYMENT,396310,778799,382489,125844,522154,0
964,PAYMENT,788345,879459,91114,123489,911834,0
965,PAYMENT,841808,827675,0,193984,1035792,0
966,PAYMENT,697511,996358,298847,65618,763129,0
967,DEBIT,470535,601160,130625,81132,551667,0
968,TRANSFER,646147,417567,0,5285,5285,1
969,PAYMENT,82389,640794,558405,78513,160902,0
970,PAYMENT,400990,312660,0,191758,592748,0
971,CASH_OUT,133598,254024,120426,199570,333168,0
972,TRANSFER,44916,4138,0,75945,120861,0
973,TRANSFER,718416,356007,0,43764,762180,0
974,CASH_OUT,849475,619955,0,5694,5694,1
975,PAYMENT,808401,233540,0,5039,813440,0
976,CASH_OUT,534830,860220,325390,53053,587883,0
977,TRANSFER,86446,329231,242785,17910,17910,1
978,CASH_OUT,681609,977534,295925,138682,820291,0
979,PAYMENT,637531,372397,0,100297,737828,0
980,TRANSFER,787546,534391,0,164530,952076,0
981,CASH_OUT,23348,482376,459028,8024,8024,1
982,PAYMENT,872479,174875,0,150368,1022847,0
983,CASH_OUT,873196,411473,0,101121,974317,0
984,TRANSFER,397774,63610,0,180903,578677,0
985,PAYMENT,654687,431722,0,5668,660355,0
986,CASH_OUT,859765,155489,0,10751,870516,0
987,PAYMENT,793884,734412,0,88835,882719,0
988,TRANSFER,696554,101948,0,31707,728261,0
989,PAYMENT,156570,297986,141416,13261,169831,0
990,PAYMENT,368860,974208,605348,67173,436033,0
991,PAYMENT,267347,287644,20297,100336,367683,0
992,PAYMENT,673912,835825,161913,162246,836158,0
993,TRANSFER,309650,325203,15553,12356,322006,0
994,PAYMENT,2287,863675,861388,35098,37385,0
995,TRANSFER,659066,844052,184986,157561,816627,0
996,CASH_OUT,989436,767286,0,12127,12127,1
997,CASH_OUT,586449,759785,173336,61753,648202,0
998,CASH_OUT,424132,23408,0,136,136,1
999,PAYMENT,59600,870946,811346,56358,115958,0
1000,PAYMENT,748249,223492,0,163926,912175,0
